[{ "id": "Welcome", "parent" : "#", "text": "Welcome", "a_attr": {"href": "Welcome.html"}  },{ "id": "ContactingUs", "parent" : "#", "text": "Contacting Us", "a_attr": {"href": "ContactingUs.html"}  },{ "id": "ReVVedTools", "parent" : "#", "text": "ReVVed Tools", "a_attr": {"href": "ReVVedTools.html"}  },{ "id": "ChangeCase", "parent" : "ReVVedTools", "text": "Change Case", "a_attr": {"href": "ChangeCase.html"}  },{ "id": "MergeText", "parent" : "ReVVedTools", "text": "Merge Text", "a_attr": {"href": "MergeText.html"}  },{ "id": "Polyline", "parent" : "ReVVedTools", "text": "Polyline", "a_attr": {"href": "Polyline.html"}  },{ "id": "WebLink", "parent" : "ReVVedTools", "text": "Web Link", "a_attr": {"href": "WebLink.html"}  },{ "id": "ProjectCommander", "parent" : "ReVVedTools", "text": "Project Commander", "a_attr": {"href": "ProjectCommander.html"}  },{ "id": "DockablePalette", "parent" : "ReVVedTools", "text": "Dockable Palette", "a_attr": {"href": "DockablePalette.html"}  },{ "id": "OpenFolder", "parent" : "ReVVedTools", "text": "Open Folder", "a_attr": {"href": "OpenFolder.html"}  },{ "id": "ComponentCommander", "parent" : "ReVVedTools", "text": "Component Commander", "a_attr": {"href": "ComponentCommander.html"}  },{ "id": "GridFlip", "parent" : "ReVVedTools", "text": "Grid Flip", "a_attr": {"href": "GridFlip.html"}  },{ "id": "Revisionist", "parent" : "ReVVedTools", "text": "Revisionist", "a_attr": {"href": "Revisionist.html"}  },{ "id": "Other", "parent" : "ReVVedTools", "text": "Other", "a_attr": {"href": "Other.html"}  },{ "id": "FAQ", "parent" : "#", "text": "FAQ", "a_attr": {"href": "FAQ.html"}  },{ "id": "WhatsNew", "parent" : "#", "text": "What's New", "a_attr": {"href": "WhatsNew.html"}  },{ "id": "PrivacyPolicy", "parent" : "#", "text": "Privacy Policy", "a_attr": {"href": "PrivacyPolicy.html"}  }]